题目	一血获得者	提交时间
→签到←	debugger	2021/11/13 12:02
小北问答 Remake	阿巴阿巴	2021/11/13 14:11
小北问答 Remake / 答对一半	水帝WaterKing（坐等掉榜）	2021/11/13 12:24
小北问答 Remake / 全部答对	阿巴阿巴	2021/11/13 14:10
共享的机器	阿巴阿巴	2021/11/14 20:33
翻车的谜语人	Ferric	2021/11/13 23:41
翻车的谜语人 / Flag 1	Ferric	2021/11/13 21:27
翻车的谜语人 / Flag 2	Ferric	2021/11/13 23:41
叶子的新歌	shisanli	2021/11/16 13:09
叶子的新歌 / 夢は時空を越えて	cutecat	2021/11/13 17:16
叶子的新歌 / 幻夢界	vincent163	2021/11/13 21:32
叶子的新歌 / 夢と現の境界	vincent163	2021/11/13 21:31
在线解压网站	debugger	2021/11/14 12:20
早期人类的聊天室	thezzisu	2021/11/14 18:53
Q小树洞的一大步	thezzisu	2021/11/13 13:59
Flag即服务	thezzisu	2021/11/14 12:36
Flag即服务 / 零·获得代码	隔壁派来的间谍' OR 1=1 ; --	2021/11/13 13:31
Flag即服务 / 壹·开通会员	thezzisu	2021/11/13 16:23
Flag即服务 / 贰·为所欲为	thezzisu	2021/11/14 12:36
诡异的网关	阿巴阿巴	2021/11/13 18:09
射水鱼	zhangboyang	2021/11/15 6:02
字符串转义	_	2021/11/15 9:23
最强大脑	Q1IQ	2021/11/14 3:35
最强大脑 / Flag 1	Q1IQ	2021/11/13 13:24
最强大脑 / Flag 2	Q1IQ	2021/11/14 3:35
电子游戏概论	Ferric	2021/11/20 10:51
电子游戏概论 / Flag 1	thezzisu	2021/11/19 11:29
电子游戏概论 / Flag 2	Ferric	2021/11/20 10:51
密码学实践	debugger	2021/11/14 17:27
密码学实践 / Flag 1	阿巴阿巴	2021/11/14 16:19
密码学实践 / Flag 2	debugger	2021/11/14 17:27
扫雷	阿巴阿巴	2021/11/14 0:44
扫雷 / Flag 1	y	2021/11/13 13:37
扫雷 / Flag 2	阿巴阿巴	2021/11/14 0:44
龙珠模拟器	_	2021/11/18 2:10
龙珠模拟器 / Basic	debugger	2021/11/14 19:40
龙珠模拟器 / Super	_	2021/11/18 2:10
